res_no,entropy,normalized_entropy,gap_fraction,sample_size
1,0.0,0.0,0.0,33
2,0.4394969869215134,0.10169002752299781,0.0,33
3,0.7990485210442682,0.18488241902717098,0.0,33
4,0.20062232431271465,0.04641963491943362,0.030303030303030304,32
5,0.0,0.0,0.0,33
6,0.0,0.0,0.0,33
7,0.0,0.0,0.0,33
8,0.0,0.0,0.0,33
9,0.0,0.0,0.0,33
10,1.0425993555312076,0.2412347759243273,0.030303030303030304,32
11,0.0,0.0,0.0,33
12,0.32984607020714635,0.07631919434229799,0.0,33
13,0.6136190195993708,0.14197807231574566,0.0,33
14,0.32984607020714635,0.07631919434229799,0.0,33
15,0.5328350630342233,0.12328642479372624,0.0,33
16,0.19590927087360493,0.04532913703616596,0.0,33
17,0.0,0.0,0.0,33
18,0.0,0.0,0.030303030303030304,32
19,0.32984607020714635,0.07631919434229799,0.0,33
20,0.20062232431271465,0.04641963491943362,0.030303030303030304,32
21,0.0,0.0,0.0,33
22,0.0,0.0,0.0,33
23,0.0,0.0,0.0,33
24,0.0,0.0,0.0,33
25,0.0,0.0,0.06060606060606061,31
26,0.0,0.0,0.0,33
27,0.0,0.0,0.0,33
28,0.0,0.0,0.0,33
29,0.0,0.0,0.0,33
30,0.32984607020714635,0.07631919434229799,0.0,33
31,0.0,0.0,0.0,33
32,0.0,0.0,0.06060606060606061,31
33,0.0,0.0,0.0,33
34,0.32984607020714635,0.07631919434229799,0.0,33
35,0.8849636363831528,0.20476130489769673,0.0,33
36,1.0528423716010191,0.24360478667992697,0.0,33
37,1.3213394973607078,0.3057291718767349,0.030303030303030304,32
38,0.0,0.0,0.0,33
39,0.0,0.0,0.0,33
40,0.0,0.0,0.0,33
41,0.7455178428108284,0.17249658634828768,0.0,33
42,0.0,0.0,0.0,33
43,0.0,0.0,0.030303030303030304,32
44,0.0,0.0,0.0,33
45,0.3997900666170139,0.09250271125286576,0.030303030303030304,32
46,0.32984607020714635,0.07631919434229799,0.0,33
47,0.0,0.0,0.0,33
48,0.4394969869215134,0.10169002752299781,0.0,33
49,0.0,0.0,0.0,33
50,0.0,0.0,0.0,33
51,0.0,0.0,0.0,33
52,0.0,0.0,0.0,33
53,0.19590927087360493,0.04532913703616596,0.0,33
54,0.7380636700495734,0.17077185317420435,0.030303030303030304,32
55,0.0,0.0,0.0,33
56,0.0,0.0,0.0,33
57,0.32984607020714635,0.07631919434229799,0.0,33
58,0.0,0.0,0.0,33
59,0.0,0.0,0.0,33
60,0.6136190195993708,0.14197807231574566,0.0,33
61,0.7230020642792742,0.16728692574375578,0.0,33
62,0.9182958340544896,0.21247364923557852,0.0,33
63,1.8819060220908366,0.435432052725968,0.0,33
64,0.6136190195993708,0.14197807231574566,0.0,33
65,0.19590927087360493,0.04532913703616596,0.0,33
66,0.0,0.0,0.0,33
67,0.19590927087360493,0.04532913703616596,0.0,33
68,0.0,0.0,0.0,33
69,0.6136190195993708,0.14197807231574566,0.0,33
70,0.19590927087360493,0.04532913703616596,0.0,33
71,1.1154191407561969,0.25808368771236273,0.030303030303030304,32
72,0.20062232431271465,0.04641963491943362,0.030303030303030304,32
73,0.39045213081320695,0.09034211635198036,0.0,33
74,0.20062232431271465,0.04641963491943362,0.030303030303030304,32
75,0.0,0.0,0.0,33
76,0.0,0.0,0.0,33
77,0.9672947789468944,0.22381093755149664,0.0,33
78,0.0,0.0,0.0,33
79,0.0,0.0,0.0,33
80,0.0,0.0,0.0,33
81,0.0,0.0,0.0,33
82,0.802224330484197,0.1856172321407176,0.0,33
83,0.0,0.0,0.0,33
84,0.5328350630342233,0.12328642479372624,0.0,33
85,0.0,0.0,0.0,33
86,0.0,0.0,0.0,33
87,0.0,0.0,0.0,33
88,0.19590927087360493,0.04532913703616596,0.0,33
89,0.32984607020714635,0.07631919434229799,0.0,33
90,0.6136190195993708,0.14197807231574566,0.0,33
91,0.0,0.0,0.0,33
92,0.0,0.0,0.06060606060606061,31
93,0.9833761901392235,0.2275318257382651,0.0,33
94,0.0,0.0,0.0,33
95,0.20062232431271465,0.04641963491943362,0.030303030303030304,32
96,0.0,0.0,0.030303030303030304,32
97,0.0,0.0,0.0,33
98,0.0,0.0,0.0,33
99,0.0,0.0,0.0,33
