res_no,b_norm_1hhp,b_norm_1idb,b_norm_1kjf,consensus_flexibility,entropy,normalized_entropy,gap_fraction,sample_size,scaled_flex,mechanicity_score
1,0.1487135854239291,0.9017714338729204,0.2158150653545043,0.4221000282171179,0.0,0.0,0.0,33,0.5835085144953404,0.5835085144953404
2,0.6318387273736874,1.2482301515617578,0.3658101399468602,0.7486263396274352,0.4394969869215134,0.1016900275229978,0.0,33,0.677904031776395,0.6089679521271022
3,-0.6717459240970455,-0.0425962753580878,-0.4770241513724952,-0.3971221169425429,0.7990485210442682,0.1848824190271709,0.0,33,0.3466795195318491,0.28258457133362347
4,-0.5637218240499674,0.4205243536453799,-0.598048864490223,-0.2470821116316034,0.2006223243127146,0.0464196349194336,0.0303030303030303,32,0.39005459657542857,0.3719484046037502
5,-0.9706660921084757,-1.310402384455292,-0.934715336348224,-1.0719279376373307,0.0,0.0,0.0,33,0.15159985126981274,0.15159985126981274
6,-1.0480481722203858,-0.8778409996879062,-0.3636875201931078,-0.7631922307004667,0.0,0.0,0.0,33,0.2408522812916481,0.2408522812916481
7,0.4657719673673368,0.3456636967210967,0.1748516933729618,0.3287624524871317,0.0,0.0,0.0,33,0.556525547319626,0.556525547319626
8,-0.5288322433680478,-0.697013620515284,0.0014654895193003,-0.4081267914546772,0.0,0.0,0.0,33,0.34349817730372717,0.34349817730372717
9,-1.2338597594788472,-1.3000241168633742,-0.9110789542029092,-1.1483209435150437,0.0,0.0,0.0,33,0.12951539113753346,0.12951539113753346
10,-0.6946852091422268,-0.4931638997558168,-0.1361649929690505,-0.441338033955698,1.0425993555312076,0.2412347759243273,0.0303030303030303,32,0.33389713657322706,0.2533495356502101
11,-0.4856133895515013,-0.7353501905880616,-0.2576277479646605,-0.4928637760347411,0.0,0.0,0.0,33,0.3190015557061478,0.3190015557061478
12,0.5147961962480545,-0.3359271351585757,-0.0340654769018645,0.0482678613958713,0.3298460702071463,0.0763191943422979,0.0,33,0.4754373437190117,0.4391523486861345
13,0.2390855846814538,-0.664986337725484,0.0668987061348925,-0.1196673489697125,0.6136190195993708,0.1419780723157456,0.0,33,0.42688894042589465,0.366280071571315
14,1.3778778808705694,0.0786960084557262,1.1310446488995765,0.8625395127419573,0.3298460702071463,0.0763191943422979,0.0,33,0.7108352000330301,0.656584830256363
15,0.9348317352270455,0.1591042078165311,0.8214571294924721,0.6384643575120164,0.5328350630342233,0.1232864247937262,0.0,33,0.6460572956234116,0.5664072014340977
16,1.3375699046285217,0.8702492826284863,1.428708327059396,1.212175838105468,0.1959092708736049,0.0453291370361659,0.0,33,0.8119115930819882,0.775108341217923
17,1.6260846237534778,0.6561390773537855,1.5623736772245795,1.2815324594439477,0.0,0.0,0.0,33,0.8319619042493631,0.8319619042493631
18,1.8778649551428528,0.9376924389915796,1.8856903013756965,1.567082565170043,0.0,0.0,0.0303030303030303,32,0.9145116069770035,0.9145116069770035
19,0.737719425070774,-0.1541672054406631,0.9447972068218627,0.5094498088173246,0.3298460702071463,0.0763191943422979,0.0,33,0.6087604695017528,0.5623003609219399
20,0.8265993009760719,-0.2184403375543166,0.8138644036091811,0.4740077890103121,0.2006223243127146,0.0464196349194336,0.0303030303030303,32,0.5985145331828132,0.5707317070584919
21,0.5236851222809444,1.2727889349324215,0.775761713279115,0.8574119234974938,0.0,0.0,0.0,33,0.7093528648513864,0.7093528648513864
22,-0.443559159766168,-1.339774083856357,-0.5477866878738018,-0.7770399771654423,0.0,0.0,0.0,33,0.23684903516703285,0.23684903516703285
23,-1.2532686243661175,-1.323725836093565,-0.7270834862320815,-1.1013593155639214,0.0,0.0,0.0,33,0.14309153188913157,0.14309153188913157
24,-1.0612407949157363,-1.4443381351347724,-1.061059129411664,-1.1888793531540578,0.0,0.0,0.0,33,0.11779035727598758,0.11779035727598758
25,-0.8733514962724762,-1.12289233350402,-1.3819560936659074,-1.126066641147468,0.0,0.0,0.0606060606060606,31,0.13594888917523532,0.13594888917523532
26,-1.508455501521897,-1.8433805205174505,-1.4371583099092202,-1.596331443982856,0.0,0.0,0.0,33,0.0,0.0
27,-1.853119103923865,-1.4183924661549774,-1.4845204705014583,-1.5853440135267671,0.0,0.0,0.0,33,0.0031763571425912043,0.0031763571425912043
28,-1.7109428341386816,-1.5865764998877865,-1.490252561360602,-1.5959239651290236,0.0,0.0,0.0,33,0.00011779809419482592,0.00011779809419482592
29,-0.6568472131914126,-0.5286663904370494,-1.010872045688594,-0.7321285497723521,0.0,0.0,0.0,33,0.24983248327659097,0.24983248327659097
30,-0.1932135190565952,0.3198271086319077,-0.6969211740693384,-0.1901025281646753,0.3298460702071463,0.0763191943422979,0.0,33,0.406526828882187,0.3755010288233693
31,-1.3239952712616792,-0.5890660378638867,-1.1017433862737398,-1.0049348984664352,0.0,0.0,0.0,33,0.17096687428077006,0.17096687428077006
32,-1.394806377969631,-0.5428313232314237,-0.8660947352334603,-0.934577478811505,0.0,0.0,0.0606060606060606,31,0.19130650631287813,0.19130650631287813
33,0.0971930998659014,0.0912247278910149,-0.6240184901075222,-0.1452002207835352,0.0,0.0,0.0,33,0.41950764048676664,0.41950764048676664
34,0.7143465796553238,0.185695012349337,0.605439906285443,0.5018271660967013,0.3298460702071463,0.0763191943422979,0.0,33,0.6065568391126607,0.5602649098287715
35,0.0659504768204034,2.0053138643031017,0.8605888705832788,0.9772844039022612,0.8849636363831528,0.2047613048976967,0.0,33,0.7440068097255315,0.5916630045133593
36,0.8428381075716289,1.839401829691768,0.8135097982794672,1.1652499118476214,1.0528423716010191,0.2436047866799269,0.0,33,0.7983457733357329,0.6038649215254603
37,1.5368500166361414,2.6372350465665426,1.1694501127642842,1.7811783919889894,1.3213394973607078,0.3057291718767349,0.0303030303030303,32,0.9764045865442573,0.6778892208834358
38,0.6273980181266824,0.9406999549754236,0.9682011585829952,0.8454330438950337,0.0,0.0,0.0,33,0.7058898895963822,0.7058898895963822
39,1.5743952185706696,1.943324752470296,1.2476629370416512,1.5884609693608722,0.0,0.0,0.0,33,0.9206918915412722,0.9206918915412722
40,1.6163886372910818,2.67934027034036,1.2926650352714222,1.8627979809676216,0.0,0.0,0.0,33,1.0,1.0
41,2.7059724286451736,1.6231411725736962,1.1213781455372736,1.816830582252048,0.7455178428108284,0.1724965863482876,0.0,33,0.9867112810570158,0.8165069533633348
42,0.3702009974360158,0.9073679514031832,1.0053274426410492,0.7609654638267495,0.0,0.0,0.0,33,0.6814711501704952,0.6814711501704952
43,1.1697689031410925,1.136905311206411,0.3274960770281009,0.878056763791868,0.0,0.0,0.0303030303030303,32,0.7153210833706081,0.7153210833706081
44,1.3489888712636773,0.9471312752399133,0.1574571596644078,0.8178591020559995,0.0,0.0,0.0,33,0.6979185365616721,0.6979185365616721
45,1.2194838255986895,1.3508285206686448,0.2408778151565965,0.9370633871413104,0.3997900666170139,0.0925027112528657,0.0303030303030303,32,0.7323793127978828,0.6646322406985681
46,0.842010401410205,0.9440658795998296,-0.0784686199108579,0.5692025536997256,0.3298460702071463,0.0763191943422979,0.0,33,0.6260343952622082,0.5782559545852287
47,-0.1812709015846197,0.5308785966883982,-0.5210786488052153,-0.0571569845671455,0.0,0.0,0.0,33,0.444960066632299,0.444960066632299
48,0.7645607534483831,-0.2089035511185009,-0.5434813619883312,0.0040586134471836,0.4394969869215134,0.1016900275229978,0.0,33,0.4626568887207658,0.4156092969730466
49,1.3910160739090462,0.3380592003474384,-0.4626313468135103,0.4221479758143247,0.0,0.0,0.0,33,0.5835223756700223,0.5835223756700223
50,2.1411543436339326,0.3656878316394362,-0.6086244469705209,0.6327392427676161,0.0,0.0,0.0,33,0.6444022217475672,0.6444022217475672
51,1.8164570408810108,0.1613481575661346,-0.7024279862484283,0.4251257373995723,0.0,0.0,0.0,33,0.5843832170030379,0.5843832170030379
52,1.0734133953969014,0.3114122970708929,-0.644856768012488,0.2466563081517687,0.0,0.0,0.0,33,0.5327894755371895,0.5327894755371895
53,1.2662366827167035,0.4601504662690668,-0.7018135898482825,0.3415245197124959,0.1959092708736049,0.0453291370361659,0.0,33,0.5602149343466948,0.5348208748179868
54,0.121787797233931,-0.1599573972052659,-0.7134416106066086,-0.2505370701926478,0.7380636700495734,0.1707718531742043,0.0303030303030303,32,0.3890558023308062,0.3226160219785975
55,0.0997944620875202,0.7153232519995868,-0.0450870475979652,0.2566768888297139,0.0,0.0,0.0,33,0.5356863260006811,0.5356863260006811
56,-0.4192617609377524,0.0809666718928257,-0.599336171233387,-0.3125437534261046,0.0,0.0,0.0,33,0.3711302853535556,0.3711302853535556
57,-0.6480219306131119,0.263634866985578,0.6921835758172241,0.1025988373965634,0.3298460702071463,0.0763191943422979,0.0,33,0.49114388988314367,0.45366018390111984
58,-0.5270550041642977,0.0690345581449321,0.1098824345327892,-0.1160460038288587,0.0,0.0,0.0,33,0.42793583538007973,0.42793583538007973
59,0.4544468449681703,-0.1859030661850608,0.0661060589272962,0.1115499459034685,0.0,0.0,0.0,33,0.4937315665518284,0.4937315665518284
60,-0.090814442514705,0.0519556072729473,0.5886065826925426,0.1832492491502616,0.6136190195993708,0.1419780723157456,0.0,33,0.5144591238180095,0.4414172091330811
61,-0.1733748475684945,0.6422546382781116,0.5889750941136179,0.3526182949410783,0.7230020642792742,0.1672869257437557,0.0,33,0.5634220347080064,0.46916889462541245
62,-0.3644304507340283,-1.009112060039732,-0.2467392784287325,-0.5400939297341643,0.9182958340544896,0.2124736492355785,0.0,33,0.30534778682466135,0.24046942827201803
63,0.0529699420983875,0.3214789049753657,-0.0936391722938379,0.0936032249266384,1.8819060220908368,0.435432052725968,0.0,33,0.48854334756025736,0.27581591488647844
64,0.1410615264213768,-0.2616363702341914,0.1088255715893279,-0.0039164240744955,0.6136190195993708,0.1419780723157456,0.0,33,0.460351384490668,0.39499158233279835
65,1.100294138353625,0.3795722707151102,0.7048962717017347,0.7282542269234901,0.1959092708736049,0.0453291370361659,0.0,33,0.672014656097936,0.6415528116613607
66,0.0590003727030491,-0.1336510934442855,0.2629537351927211,0.0627676714838282,0.0,0.0,0.0,33,0.479629094968147,0.479629094968147
67,1.2484929558276476,-0.4124017440357003,0.7953414899158796,0.5438109005692756,0.1959092708736049,0.0453291370361659,0.0,33,0.6186939202434645,0.5906490587493057
68,1.2751372113096784,1.7201919992440622,0.7330978249825288,1.2428090118454231,0.0,0.0,0.0,33,0.820767339709738,0.820767339709738
69,0.4514040394604587,0.331452014973605,0.3671951866464499,0.3833504136935046,0.6136190195993708,0.1419780723157456,0.0,33,0.5723063853572645,0.49105142799024787
70,1.2376670847639415,0.3983965158367871,0.4980181317373764,0.711360577446035,0.1959092708736049,0.0453291370361659,0.0,33,0.6671308696296985,0.6368904030191973
71,0.5353097954813888,-0.6253966528574731,-0.3146983469115927,-0.1349284014292257,1.1154191407561969,0.2580836877123627,0.0303030303030303,32,0.42247712155914846,0.3134426680530593
72,-0.2894639212564784,0.7483960113772711,-0.3979263037092028,0.0203352621371966,0.2006223243127146,0.0464196349194336,0.0303030303030303,32,0.467362306382392,0.4456675187450169
73,-0.8570338605186877,-1.7779854135289952,-0.6156956944277614,-1.0835716561584814,0.3904521308132069,0.0903421163519803,0.0,33,0.14823376775840513,0.13484201546428287
74,-0.8669663344557764,-0.7496152997105436,-0.3240670793201745,-0.6468829044954981,0.2006223243127146,0.0464196349194336,0.0303030303030303,32,0.27447615363537625,0.26173507078953173
75,-0.3769642868927354,-0.1903909656842684,-0.6853711719015069,-0.4175754748261702,0.0,0.0,0.0,33,0.34076665667794764,0.34076665667794764
76,-0.7903443926553779,-0.1003524819814144,-0.9581192881093568,-0.6162720542487164,0.0,0.0,0.0,33,0.2833254467627127,0.2833254467627127
77,-1.310751972678894,0.0384919087753245,-0.52424327788216,-0.5988344472619097,0.9672947789468944,0.2238109375514966,0.0,33,0.28836648595050096,0.22382691237148886
78,-0.9057502803053608,0.0673827618014741,-0.5810278086639448,-0.4731317757226104,0.0,0.0,0.0,33,0.32470588124245336,0.32470588124245336
79,-0.5299378990938831,2.2916979510962947,-0.454371128544875,0.4357963078191788,0.0,0.0,0.0,33,0.5874679730525341,0.5874679730525341
80,-0.1065577515442402,0.1872337207490654,-0.41961384647945,-0.1129792924248749,0.0,0.0,0.0,33,0.4288223912232534,0.4288223912232534
81,-0.2226393176933445,0.246377824863624,-0.1695902701405076,-0.0486172543234093,0.0,0.0,0.0,33,0.4474288179262343,0.4474288179262343
82,-0.3358830341461378,0.1750923497824584,-0.244969231656882,-0.1352533053401871,0.802224330484197,0.1856172321407176,0.0,33,0.42238319506174204,0.34398159549162866
83,-0.3724710248735763,-0.8756371204695454,-0.5773983188186356,-0.6085021547205858,0.0,0.0,0.0,33,0.2855716476339744,0.2855716476339744
84,-1.1384539554028663,-0.6851818854719186,-0.6494874964358134,-0.8243744457701996,0.5328350630342233,0.1232864247937262,0.0,33,0.2231651098812841,0.19565188134532152
85,-1.3404142587903358,-1.6871054486700392,-0.9855281941825544,-1.3376826338809764,0.0,0.0,0.0,33,0.074772805040558,0.074772805040558
86,-1.2295016331595126,-1.5148823053879434,-1.2141860544370409,-1.3195233309948322,0.0,0.0,0.0,33,0.08002247935316462,0.08002247935316462
87,-0.8464994184641995,-2.00799026286339,-1.1442700196426032,-1.3329199003233976,0.0,0.0,0.0,33,0.07614966406272282,0.07614966406272282
88,-0.9923046960428475,-1.053329891266301,-0.8571819239630822,-0.9676055037574104,0.1959092708736049,0.0453291370361659,0.0,33,0.18175843195992783,0.17351947909013762
89,-1.4224754125086636,-0.9780173277952214,-0.6845934240775124,-1.0283620547937993,0.3298460702071463,0.0763191943422979,0.0,33,0.16419431579874696,0.15166313790140176
90,-1.33485680313506,-0.8553013258637607,-1.044789002518898,-1.0783157105059062,0.6136190195993708,0.1419780723157456,0.0,33,0.14975320950425725,0.12849153749574682
91,-1.285751868211392,-0.6465538933537376,-0.7480916171101033,-0.8934657928917442,0.0,0.0,0.0,33,0.20319148685833702,0.20319148685833702
92,-0.9871019715996104,-1.2499840374472084,-0.2050627226188017,-0.8140495772218735,0.0,0.0,0.0606060606060606,31,0.22614992694937455,0.22614992694937455
93,-0.9074056926282088,-0.6055216693609817,-0.2881655245941594,-0.6003642955277834,0.9833761901392236,0.2275318257382651,0.0,33,0.28792422199389994,0.22241229808935833
94,-0.1880107946133584,-0.6397419030424405,-0.4544962833671273,-0.4274163270076421,0.0,0.0,0.0,33,0.33792176393976603,0.33792176393976603
95,-0.401401325944303,0.0481689420704911,-0.4712253112748174,-0.2748192317162097,0.2006223243127146,0.0464196349194336,0.0303030303030303,32,0.382036070328755,0.3643020954180391
96,-0.6006138701020111,-0.9985868671665896,-0.7474479637385216,-0.7822162336690409,0.0,0.0,0.0303030303030303,32,0.23535263076358304,0.23535263076358304
97,-0.765749695287349,-1.0251402725369023,-0.5638190206042886,-0.7849029961428468,0.0,0.0,0.0,33,0.23457591438678999,0.23457591438678999
98,0.0679868967413673,0.5084591344579815,-0.2481785588846311,0.1094224907715725,0.0,0.0,0.0,33,0.4931165403788986,0.4931165403788986
99,0.0070913720080263,0.9035345372476102,0.0274332188514146,0.3126863760356837,0.0,0.0,0.0,33,0.5518781131023653,0.5518781131023653
